MF2;GeoData;Model 3;Inputs ;10;Outputs;10;Layers;7;FtlSize;10;DecInc;0;;;;;;;;
1;Model Is Processed?;;;(0 = false 1 =  true);;;;;;;;;;;;;;;;
Calculated ID;;Raw Input Data String Value;;;Data 1;Data 2;Data 3;Data 4;Data 5;Data 6;Data 7;Data 8;Data 9;Data 10;Data 11;Data 12;Data 13;Data 14;Data 15;Data 16
int ;;string;;;float;float;float;float;float;float;float;float;float;float;float;float;float;float;float;float
;;Basalt;;;47,77;1,33;15,38;9,59;0,17;10,76;11,28;2,69;0,62;0,41;;;;;;
;;Basalt;;;47,94;1,28;15,22;9,6;0,18;10,87;11,39;2,17;0,96;0,38;;;;;;
;;Basalt;;;51,5;1,12;16,04;8,77;0,15;9,49;9,8;2,64;0,33;0,16;;;;;;
;;Basalt;;;45,66;1,6;14,87;9,9;0,17;9,81;13,09;3,09;0,96;0,84;;;;;;
;;Basalt;;;48,24;1,34;15,91;10,16;0,17;10,06;10,78;2,51;0,56;0,26;;;;;;
;;Basalt;;;45,42;1,57;14,97;10,13;0,19;9,94;13,01;3,3;0,76;0,7;;;;;;
;;Basaltic andesite;;;52,54;1,26;16,45;8,38;0,14;8,16;9,2;3,06;0,57;0,22;;;;;;
;;Basalt;;;48,32;1,4;15,83;10,46;0,19;9,98;10,59;2,48;0,49;0,26;;;;;;
;;Basalt;;;50,59;1,55;16,53;9,76;0,16;8,14;9,64;2,94;0,43;0,26;;;;;;
;;Basalt;;;50,38;1,51;16,08;9,62;0,16;7,9;10,18;2,94;0,87;0,37;;;;;;
;;Basalt;;;50,61;1,43;16,8;9,46;0,18;7,76;10,51;2,66;0,38;0,21;;;;;;
;;Basaltic andesite;;;52,9;1,37;16,95;8,47;0,14;6,74;9,56;3,06;0,56;0,25;;;;;;
;;Basalt;;;51,7;1,28;16,96;8,83;0,15;7,54;9,98;2,88;0,46;0,22;;;;;;
;;Basalt;;;50,5;1,53;16,53;9,8;0,15;8,29;9,57;2,95;0,44;0,25;;;;;;
;;Basalt;;;50,3;1,5;16,73;9,88;0,16;7,76;10,27;2,75;0,41;0,24;;;;;;
;;Basalt;;;50,92;1,52;16,6;9,65;0,15;8,1;9,32;3,01;0,47;0,26;;;;;;
;;Basalt;;;48,01;1,53;16,45;10,9;0,19;8,68;10,97;2,49;0,51;0,27;;;;;;
;;Basalt;;;51,82;1,48;17,04;9,08;0,14;7,11;9,08;3,35;0,61;0,3;;;;;;
;;Basaltic andesite;;;53,25;1,31;16,93;8,48;0,14;6,62;9,24;3,18;0,6;0,25;;;;;;
;;Basaltic andesite;;;52,12;1,44;17,13;9,02;0,15;6,55;9,46;3,28;0,51;0,34;;;;;;
;;Basaltic andesite;;;52,98;1,38;17,63;8,76;0,15;5,89;9,21;3,16;0,6;0,24;;;;;;
;;Basaltic andesite;;;52,12;1,37;17,34;8,85;0,18;6,4;9,81;3,08;0,6;0,26;;;;;;
;;Basaltic andesite;;;52,07;1,66;16,53;9,67;0,15;6,65;9,25;3,18;0,54;0,3;;;;;;
;;Basaltic andesite;;;52,6;1,61;16,68;9,26;0,16;6,22;9,39;3,18;0,52;0,38;;;;;;
;;Basaltic andesite;;;52,3;1,64;16,78;9,46;0,18;6,21;9,55;3,19;0,32;0,37;;;;;;
;;Basaltic andesite;;;53,31;1,46;17,53;8,72;0,14;5,65;9,08;3,24;0,59;0,28;;;;;;
;;Andesite;;;59,09;0,96;17,42;6,29;0,12;4,03;6,95;3,98;0,88;0,28;;;;;;
;;Basaltic andesite;;;53,64;1,42;17,23;8,73;0,14;5,54;9,15;3,25;0,64;0,27;;;;;;
;;Basalt;;;47,18;0,97;13,79;8,88;0,15;14,91;10,93;1,79;1,03;0,39;;;;;;
;;Basalt;;;47,94;1,15;15,33;8,92;0,17;11,11;11,52;2,06;1,19;0,61;;;;;;
;;Basalt;;;49,09;1,33;14,16;8,67;0,14;10,75;11,37;2,05;1,78;0,67;;;;;;
;;Basalt;;;49,18;1,35;14,36;8,79;0,15;10,75;10,95;2,11;1,7;0,65;;;;;;
;;Basalt;;;48,48;1,26;15,27;9,17;0,17;10,93;11,24;2,27;0,75;0,45;;;;;;
;;Basaltic andesite;;;52,69;1,08;16,38;8;0,14;9,04;9,07;2,89;0,51;0,2;;;;;;
;;Basalt;;;49,5;1,29;15,82;9,37;0,16;10,04;10,61;2,46;0,47;0,29;;;;;;
;;Basaltic andesite;;;52,77;1,14;16,98;8,12;0,13;8,28;8,69;3,12;0,55;0,22;;;;;;
;;Basalt;;;48,92;1,31;15,41;9,34;0,16;10,23;11,2;2,33;0,69;0,41;;;;;;
;;Basalt;;;51,03;1,26;15,6;9,21;0,15;8,77;10,43;2,61;0,66;0,27;;;;;;
;;Basaltic andesite;;;52,83;1,24;16,76;8,24;0,14;7,54;9,34;3,04;0,62;0,25;;;;;;
;;Basaltic andesite;;;55,16;1;16,45;7,87;0,14;6,99;8,12;3,18;0,76;0,34;;;;;;
;;Basalt;;;50,51;1,49;16,32;9,67;0,15;8,42;9,91;2,72;0,41;0,4;;;;;;
;;Basalt;;;51,72;1,33;16,87;9,05;0,15;7,23;9,71;3,04;0,55;0,35;;;;;;
;;Basalt;;;50,69;0,87;14,77;8,83;0,15;11,49;10,67;2,08;0,26;0,18;;;;;;
;;Basalt;;;50,74;0,94;15,11;8,83;0,15;10,82;10,41;2,37;0,44;0,19;;;;;;
;;Basalt;;;48,2;1,27;15,38;9,47;0,18;10,94;11,04;2,2;0,95;0,37;;;;;;
;;Basalt;;;48,6;1,22;16,23;8,45;0,15;9,61;12,33;2,22;0,89;0,3;;;;;;
;;Basalt;;;50,58;1,19;16,38;9,14;0,15;9,69;9,61;2,58;0,48;0,2;;;;;;
;;Basalt;;;49,15;1,62;15,49;9,79;0,16;9,14;10,67;2,69;0,89;0,39;;;;;;
;;Basalt;;;51,39;1,28;16,65;8,89;0,15;8,05;9,92;2,88;0,55;0,23;;;;;;
;;Basaltic andesite;;;52,74;1,31;16,96;8,37;0,15;6,56;10,19;2,96;0,43;0,32;;;;;;
;;Basalt;;;50,82;1,59;15,95;9,25;0,17;7,53;10,29;2,91;1,03;0,45;;;;;;
;;Basaltic andesite;;;52,1;1,6;16,96;9,28;0,14;6,53;9,35;3,23;0,53;0,28;;;;;;
;;Basaltic andesite;;;52,27;1,68;17,18;9,06;0,16;5,54;9,8;3,1;0,84;0,37;;;;;;
;;Basaltic andesite;;;56,04;1,43;16,84;8,16;0,16;4,55;7,9;3,44;1,01;0,47;;;;;;
;;Basaltic andesite;;;53,67;1,55;17,99;8,38;0,16;4,58;8,96;3,41;1,04;0,27;;;;;;
;;Basaltic andesite;;;56,59;1,48;16,51;8,34;0,21;4,35;7,83;3,43;0,85;0,42;;;;;;
;;Basalt;;;50,72;1,2;16,91;8,84;0,14;7,98;10,52;2,29;1,2;0,22;;;;;;
;;Basaltic andesite;;;52,29;1,33;16,55;8,82;0,14;7,37;9,66;3,03;0,55;0,25;;;;;;
;;Basaltic andesite;;;53,22;1,42;17,29;8,62;0,21;5,92;9,14;3,26;0,52;0,39;;;;;;
;;Basalt;;;47,89;1,32;11,95;9,82;0,18;15,24;10;1,9;1,26;0,44;;;;;;
;;Basaltic andesite;;;53,15;0,96;15,26;8,29;0,14;10,24;8,49;2,78;0,5;0,18;;;;;;
;;Basalt;;;49,02;1,67;13,79;8,81;0,15;10,62;10,11;2,47;2,62;0,74;;;;;;
;;Basalt;;;49,2;1,26;15,92;9,18;0,17;10,25;10,78;2,38;0,61;0,25;;;;;;
;;Basaltic andesite;;;52,76;1,03;15,48;8,57;0,15;9,48;8,95;2,73;0,66;0,18;;;;;;
;;Basalt;;;48,9;1,28;16,13;9,11;0,15;9,44;11,61;2,31;0,78;0,28;;;;;;
;;Basalt;;;50,76;1,47;16,61;9,28;0,17;8,11;9,5;2,8;0,88;0,43;;;;;;
;;Basaltic andesite;;;55,37;1,1;14,82;8,01;0,15;7,39;9,24;2,76;0,95;0,21;;;;;;
;;Basalt;;;48,96;2,45;13,75;11,55;0,18;10,08;9,75;2,36;0,68;0,24;;;;;;
;;Basaltic andesite;;;55,29;1,19;16,35;7,98;0,15;6,16;8,17;3,23;1,19;0,3;;;;;;
;;Basaltic andesite;;;55,62;1,31;16,84;8,32;0,14;4,93;8,2;3,4;0,9;0,35;;;;;;
;;Basalt;;;50,33;2,07;16,54;10,38;0,16;5,74;10,72;2,92;0,76;0,38;;;;;;
;;Basalt;;;51,25;1,41;16,34;9,37;0,15;8,51;9,38;2,78;0,53;0,28;;;;;;
;;Basaltic andesite;;;54,24;1,04;16,83;8,14;0,14;7,16;8,52;3,07;0,67;0,19;;;;;;
;;Diorite;;;56,02;1,51;16,67;9,77;0,2;2,47;8,74;3,79;0,6;0,23;;;;;;
;;Basalt;;;48,04;1,8;15,76;10,07;0,17;9,62;10,45;2,63;0,98;0,47;;;;;;
;;Basaltic andesite;;;54,83;2,23;15,9;10,25;0,21;3,5;7,03;4,5;1,03;0,53;;;;;;
;;Diorite;;;57,15;1,24;18,01;8,24;0,18;2,58;7,93;3,87;0,6;0,2;;;;;;
;;Basaltic andesite;;;56,24;1,2;19,48;6,91;0,18;2,63;8,83;3,69;0,66;0,19;;;;;;
;;Diorite;;;58,24;1,31;15,45;7,97;0,15;4,39;7,39;3,33;1,48;0,28;;;;;;
;;Basaltic andesite;;;55,04;2,26;15,85;10,42;0,19;3,31;6,93;4,4;1,05;0,54;;;;;;
;;Dacite;;;65,8;0,73;16,31;5,03;0,15;1,23;4,59;5,07;0,85;0,24;;;;;;
;;Basaltic andesite;;;54,66;1,71;18,28;8,1;0,13;3,32;8,38;4;1,05;0,35;;;;;;
;;Basaltic andesite;;;55,41;1,25;18,03;7,83;0,16;4,26;8,71;3,56;0,59;0,19;;;;;;
;;Andesite;;;57,22;2,03;15,57;9,48;0,2;2,97;6,39;4,67;1,08;0,4;;;;;;
;;Dacite;;;66,32;0,76;14,89;5,58;0,12;1,84;4,58;3,88;1,88;0,16;;;;;;
;;Dacite;;;70,28;0,61;15,21;3,72;0,13;0,27;2,46;4,86;2,31;0,15;;;;;;
;;Basalt;;;51,65;1,75;15,5;10,78;0,19;5,71;10,36;3,31;0,49;0,24;;;;;;
;;Basalt;;;51,72;1,79;15,47;10,93;0,21;5,64;10,18;3,32;0,49;0,25;;;;;;
;;Andesite;;;57,78;1,61;16,69;8,52;0,16;2,92;6,84;4,12;1,05;0,32;;;;;;
;;Basaltic andesite;;;55,82;1,13;19,87;6,77;0,16;2,7;9,04;3,72;0,61;0,18;;;;;;
;;Basaltic andesite;;;56,37;1,82;15,8;9,94;0,18;3,47;7,68;3,77;0,7;0,28;;;;;;
;;Basaltic andesite;;;52,65;1,63;17,11;9,23;0,16;4,73;9,95;3,01;1,24;0,3;;;;;;
;;Microdiorite;;;54,06;1,61;17,23;8,31;0,15;4,55;9,29;3,46;1,05;0,29;;;;;;
;;Basaltic andesite;;;55,96;1,13;19,64;7,01;0,18;2,69;8,88;3,7;0,63;0,18;;;;;;
;;Basaltic andesite dike;;;55,05;2,02;15,48;9,79;0,17;4,35;8,48;3,68;0,59;0,38;;;;;;
;;Basaltic andesite;;;55,97;1,93;15,24;10,45;0,19;3,57;7,61;3,49;1,22;0,34;;;;;;
;;Basaltic andesite;;;53;1;20,73;7,2;0,16;3,65;10,29;3,25;0,58;0,14;;;;;;
;;Basaltic andesite;;;55,28;1,21;19,22;7,92;0,16;3,12;8,85;3,46;0,58;0,19;;;;;;
;;Andesite;;;59,47;1,41;16,03;8,25;0,17;2,9;6,3;4,23;1,05;0,18;;;;;;
;;Basaltic andesite;;;54,54;0,95;17,9;8,15;0,15;4,95;9,51;2,99;0,72;0,14;;;;;;
;;Basaltic andesite;;;55,86;1,61;16,2;9,51;0,16;3,99;7,71;3,81;0,89;0,26;;;;;;
;;Andesite;;;61,66;1,57;15,34;6,87;0,14;2,62;6,49;4,21;0,72;0,37;;;;;;
;;Basaltic andesite;;;54,18;1,11;18,62;7,78;0,19;4,59;9,68;3,19;0,53;0,15;;;;;;
;;Basaltic andesite;;;52,8;1,39;17,99;9,75;0,18;4,45;9,69;3,08;0,48;0,19;;;;;;
;;Basaltic andesite;;;55,01;1,32;18;8,82;0,16;3,48;8,86;3,3;0,84;0,21;;;;;;
;;Andesite;;;57,45;1,15;16,91;7,58;0,14;4,29;7,53;3,62;1,15;0,2;;;;;;
;;Andesite;;;57,23;1,29;18,44;7,5;0,16;2,65;7,65;4,07;0,78;0,23;;;;;;
;;Andesite;;;61,22;1,37;15,82;7,75;0,17;2,19;5,57;3,98;1,63;0,3;;;;;;
;;Microdiorite;;;58,75;0,39;20,28;4,01;0,09;3,67;8,69;3,1;0,91;0,1;;;;;;
;;Basaltic andesite;;;55,92;1,77;15,92;9,78;0,18;3,83;7,76;3,68;0,9;0,26;;;;;;
;;Basaltic andesite;;;53,82;1,68;16,01;10,39;0,2;4,66;9,47;2,99;0,54;0,24;;;;;;
;;Basaltic andesite;;;56,42;1,76;15,54;9,8;0,19;3,77;7,65;3,65;0,96;0,26;;;;;;
;;Andesite;;;59,56;0,91;17,57;6,26;0,15;3,32;7,41;3,84;0,84;0,14;;;;;;
;;Andesite;;;57,31;2,16;15,38;9,18;0,19;3,2;6,73;4,22;1,18;0,45;;;;;;
;;Andesite;;;61,43;1,32;16,13;7,63;0,14;1,96;5,38;4,22;1,51;0,28;;;;;;
;;Andesite;;;57,44;0,96;18,57;7,04;0,18;3,2;8,17;3,58;0,72;0,13;;;;;;
;;Andesite;;;58,28;1,33;15,96;7,92;0,13;3,95;7,14;3,51;1,44;0,34;;;;;;
;;Andesite;;;57,38;1,23;16,81;7,68;0,16;4,08;7,4;3,57;1,46;0,23;;;;;;
;;Andesite;;;57,93;1,36;17,13;7,73;0,18;3,25;7,17;4,02;1,01;0,22;;;;;;
;;Basaltic andesite;;;54,22;2,13;16;9,76;0,22;4,23;8,23;3,98;0,85;0,37;;;;;;
;;Basaltic andesite;;;53,69;0,9;18,88;7,23;0,14;5,19;10;3,09;0,75;0,13;;;;;;
;;Basaltic andesite;;;55,76;1,78;15,79;9,96;0,21;3,94;7,6;3,81;0,89;0,26;;;;;;
;;Basaltic andesite;;;56,01;1,11;18,03;7,64;0,15;3,9;8,55;3,41;1,02;0,18;;;;;;
;;Basaltic andesite;;;56,81;1,61;16,56;9,05;0,21;3,22;7,55;4,06;0,71;0,24;;;;;;
;;Andesite;;;58,87;1,36;16,24;6,72;0,14;4,24;7,68;3,74;0,67;0,35;;;;;;
;;Basaltic andesite;;;54,9;1,06;17,63;8,04;0,15;4,51;9,45;3,35;0,76;0,16;;;;;;
;;Basaltic andesite;;;54,93;1,17;20,19;7,23;0,15;2,69;9,47;3,47;0,52;0,19;;;;;;
;;Basalt;;;51,91;1,34;17,36;8,52;0,17;6,64;9,74;3,16;0,88;0,28;;;;;;
;;Andesite;;;60,59;1,5;15,31;7,21;0,14;3,23;6,31;4,27;1,09;0,34;;;;;;
;;Basaltic andesite;;;56,9;2,1;15,81;9,27;0,19;3,35;6,93;4,04;1,07;0,33;;;;;;
;;Andesite;;;57,72;1,2;16,38;7,52;0,15;4,78;7,09;3,66;1,26;0,23;;;;;;
;;Basaltic andesite;;;54,72;1,32;16,96;8,03;0,15;5,57;8,9;3,43;0,65;0,28;;;;;;
;;Basaltic andesite;;;53,83;1,67;16,18;10,16;0,18;4,59;9,34;3,12;0,69;0,24;;;;;;
;;Andesite;;;57,76;1,6;16,96;8,31;0,17;2,71;6,88;4,19;1,08;0,32;;;;;;
;;Basaltic andesite;;;54,96;1,16;17,49;7,51;0,3;4,75;9,73;3,18;0,71;0,19;;;;;;
;;Diorite;;;54,62;1,2;17,64;7,85;0,16;5,23;9,84;2,99;0,28;0,19;;;;;;
;;Andesite;;;57,52;1,22;16,67;7,69;0,17;3,88;7,86;3,74;1,02;0,22;;;;;;
;;Basaltic andesite;;;53,36;1,36;17,26;9,61;0,17;4,44;9,86;2,97;0,78;0,19;;;;;;
;;Basaltic andesite;;;52,61;1,28;16,53;8,9;0,15;7,11;9,54;2,91;0,7;0,27;;;;;;
;;Basaltic andesite;;;52,11;1,23;19,37;8,63;0,16;4,33;10,73;2,91;0,38;0,16;;;;;;
;;Basaltic andesite;;;55,32;1,22;17,65;8,89;0,17;4,15;8,47;3,42;0,54;0,17;;;;;;
;;Basaltic andesite;;;55,27;1,07;18;7,72;0,15;4,4;9,09;3,39;0,75;0,17;;;;;;
;;Basaltic andesite;;;55,98;1,79;15,87;10,23;0,19;3,39;7,87;3,74;0,69;0,25;;;;;;
;;Basaltic andesite;;;55,48;1,81;15,78;10,44;0,19;3,81;8,04;3,6;0,62;0,24;;;;;;
;;Basaltic andesite;;;52,91;1,31;17,53;9,13;0,17;5,04;10,04;2,94;0,73;0,22;;;;;;
;;Basaltic andesite;;;55,32;1,61;15,3;11,63;0,23;3,85;7,47;3,67;0,7;0,21;;;;;;
;;Basalt;;;50,9;1,11;21,65;8,02;0,15;3,6;11,35;2,78;0,33;0,11;;;;;;
;;Basaltic andesite;;;54,27;1,34;18,69;8,67;0,19;3,44;9,41;3,32;0,51;0,15;;;;;;
;;Basalt;;;51,53;1,1;21,92;7,3;0,15;3,27;11,2;3,01;0,38;0,15;;;;;;
;;Basaltic andesite;;;54,9;1,72;15,31;11,79;0,22;3,85;7,83;3,56;0,64;0,18;;;;;;
;;Basalt;;;51,32;1,06;22,5;7,01;0,14;3,15;11,48;2,84;0,36;0,14;;;;;;
;;Basaltic andesite;;;54,93;1,5;16,5;9,41;0,18;4,18;9,27;3,01;0,77;0,26;;;;;;
;;Basaltic andesite;;;55,21;1,32;17,68;8,97;0,17;3,85;8,41;3,5;0,66;0,22;;;;;;
;;Basaltic andesite;;;52,31;1,34;17,3;9,89;0,18;4,95;10,3;2,98;0,58;0,17;;;;;;
;;Basaltic andesite;;;52,44;1,26;20,07;8,69;0,17;3,51;10,02;3,19;0,47;0,16;;;;;;
;;Basalt;;;51,43;1,52;17,29;10,95;0,2;4,93;10,1;3,03;0,43;0,13;;;;;;
;;Basaltic andesite;;;55,31;1,68;15,32;11,57;0,23;3,57;7,55;3,87;0,71;0,19;;;;;;
;;Basaltic andesite;;;53,92;1,61;17,53;9,88;0,19;3,58;8,78;3,71;0,6;0,21;;;;;;
;;Basaltic andesite;;;54,29;1,88;15,59;11,43;0,2;3,85;8,01;3,86;0,66;0,24;;;;;;
;;Basaltic andesite;;;52,26;1,46;19,43;9,3;0,15;3,45;10,21;3,16;0,43;0,14;;;;;;
;;Basaltic andesite;;;52,22;1,91;15,8;11,99;0,23;4,72;9,05;3,37;0,52;0,19;;;;;;
;;Basaltic andesite;;;52,44;1,56;16,27;11,89;0,2;4,74;8,92;3,32;0,5;0,16;;;;;;
;;Basaltic andesite;;;53,76;1,66;15,14;12,55;0,25;3,99;8,39;3,53;0,57;0,15;;;;;;
;;Basaltic andesite;;;52,17;1,55;16,29;11,93;0,22;4,77;9,21;3,31;0,4;0,16;;;;;;
;;Basaltic andesite;;;52,63;1,61;15,84;12,21;0,22;4,72;8,72;3,35;0,53;0,17;;;;;;
;;Basalt;;;51,85;1,29;18,91;8,79;0,15;4,95;10,52;2,94;0,43;0,16;;;;;;
;;Basaltic andesite;;;55,89;1,58;16,34;10,17;0,23;3,48;7,63;3,8;0,65;0,21;;;;;;
;;Basaltic andesite;;;53,33;1,59;15,83;11,6;0,22;4,58;8,92;3,42;0,34;0,17;;;;;;
;;Basaltic andesite;;;52,95;1,36;17,3;10,46;0,19;4,64;9,47;3,04;0,47;0,13;;;;;;
;;Basaltic andesite;;;52,32;1,58;16,04;12,04;0,22;4,61;9,31;3,24;0,48;0,15;;;;;;
;;Basaltic andesite;;;52,89;1,27;17,73;8,99;0,16;4,98;10,36;2,88;0,52;0,21;;;;;;
;;Basalt;;;50,67;0,88;21,02;7,78;0,14;4,7;11,93;2,37;0,41;0,11;;;;;;
;;Basalt;;;50,39;1,33;17,44;10,37;0,21;6,66;10,55;2,64;0,24;0,17;;;;;;
;;Basalt;;;51,25;1,44;17,98;11,14;0,19;4,32;10,28;2,95;0,29;0,14;;;;;;
;;Basaltic andesite;;;52,2;1,72;15,55;12,61;0,23;4,86;9,01;3,18;0,47;0,16;;;;;;
;;Basaltic andesite;;;52,56;1,97;17,47;10,58;0,21;3,81;9,43;3,35;0,43;0,19;;;;;;
;;Basaltic andesite;;;54,83;1,44;17,2;9,71;0,17;3,5;9,3;3,03;0,61;0,2;;;;;;
;;Basaltic andesite;;;54,26;1,53;17,08;9,76;0,19;4,08;8,54;3,63;0,59;0,34;;;;;;
;;Basalt;;;51,88;1,81;14,9;12,85;0,24;5,01;9,63;3,08;0,43;0,16;;;;;;
;;Basalt;;;50,17;1,84;16,4;11,86;0,21;5,57;10,28;2,94;0,46;0,27;;;;;;
;;Basaltic andesite;;;54,59;1,84;15,59;11,27;0,19;3,88;7,91;3,85;0,64;0,23;;;;;;
;;Basaltic andesite;;;55,37;1,57;16,73;9,56;0,18;3,7;8,19;3,73;0,62;0,35;;;;;;
;;Basaltic andesite;;;54,12;1,41;17,7;9,25;0,18;4,04;9,23;3,24;0,61;0,22;;;;;;
;;Basaltic andesite;;;54,69;1,84;15,54;11,31;0,21;3,82;7,9;3,82;0,65;0,23;;;;;;
;;Basaltic andesite;;;53,96;1,47;17,2;9,55;0,19;4,23;8,94;3,56;0,58;0,32;;;;;;
;;Basaltic andesite;;;54,76;1,86;16,27;10,01;0,2;4,21;8,14;3,7;0,63;0,22;;;;;;
;;Basaltic andesite;;;52,95;1,28;18,08;9,19;0,16;4,91;9,62;3,01;0,63;0,19;;;;;;
;;Basaltic andesite;;;52,28;1,7;15,82;12;0,23;4,83;9,32;3,26;0,4;0,15;;;;;;
;;Basalt;;;51,4;1,29;20,35;9,19;0,17;3,62;10,47;3,04;0,35;0,13;;;;;;
;;Basalt;;;51,96;1,55;19,04;9,34;0,17;3,95;10,1;3,16;0,53;0,2;;;;;;
;;Basalt;;;51,56;1,57;16,91;11,44;0,2;4,82;9,9;3,06;0,4;0,14;;;;;;
;;Basaltic andesite;;;52,77;1,67;15,65;12,25;0,25;4,58;9,07;3,28;0,33;0,16;;;;;;
;;Basaltic andesite;;;56,92;1,62;15,76;10,59;0,24;2,96;6,88;4,15;0,67;0,22;;;;;;
;;Basaltic andesite;;;53,18;1,73;15,24;12,53;0,23;4,59;8,44;3,3;0,57;0,19;;;;;;
;;Basalt;;;51,24;1,95;16,32;12,2;0,23;5,04;9,35;3,1;0,37;0,2;;;;;;
;;Basalt;;;51,33;1,1;20,53;7,64;0,15;4,71;11,24;2,88;0,28;0,12;;;;;;
;;Basaltic andesite;;;54,46;1,52;16,97;9,09;0,18;4,38;9,37;3,03;0,73;0,26;;;;;;
;;Basaltic andesite;;;55,11;1,48;16,36;9,33;0,2;4,56;8,72;3,04;0,94;0,26;;;;;;
;;Basaltic andesite;;;52,91;1,53;16,66;11,2;0,21;4,46;9,05;3,26;0,55;0,18;;;;;;
;;Andesite;;;57,17;1,64;15,93;10,06;0,22;3,26;6,71;4,05;0,74;0,22;;;;;;
;;Basaltic andesite;;;54,53;1,63;17,65;9,27;0,18;3,54;8,79;3,6;0,58;0,21;;;;;;
;;Basaltic andesite;;;54,78;1,51;17,31;8,81;0,19;4,07;8,96;3,34;0,79;0,24;;;;;;
;;Basaltic andesite;;;52,24;2,08;15,54;12,35;0,23;4,65;8,83;3,3;0,57;0,21;;;;;;
;;Basalt;;;50,79;1,1;21,79;7,96;0,15;3,45;11,45;2,83;0,37;0,11;;;;;;
;;Basaltic andesite;;;55,15;1,73;15,52;11,11;0,23;4,08;7,74;3,62;0,64;0,18;;;;;;
;;Basaltic andesite;;;53,69;1,32;18,72;9,22;0,18;3,67;9,24;3,31;0,51;0,15;;;;;;
;;Basaltic andesite;;;55,64;1,69;15,66;10,98;0,23;3,64;7,63;3,68;0,67;0,18;;;;;;
;;Dacite;;;63,08;1,14;16,68;5,98;0,15;1,81;4,98;4,87;1,03;0,28;;;;;;
;;Basaltic andesite;;;56,65;1,67;15,14;11,32;0,23;3,25;6,84;3,88;0,8;0,22;;;;;;
;;Basaltic andesite;;;52,11;1,55;16,87;11,11;0,21;4,85;9,65;3,06;0,43;0,15;;;;;;
;;Dacite;;;63,02;1,17;16,71;5,96;0,16;1,66;5,07;4,94;1,03;0,28;;;;;;
;;Basaltic andesite;;;52,8;1,68;15,88;11,29;0,24;4,8;9,54;3,19;0,41;0,16;;;;;;
;;Basaltic andesite;;;53,18;1,63;16,34;11,41;0,23;4,44;8,78;3,32;0,5;0,18;;;;;;
;;Basaltic andesite;;;54,41;1,62;15,5;11,59;0,22;4,06;8,41;3,47;0,55;0,15;;;;;;
;;Basaltic andesite;;;52;1,09;19,76;7,98;0,16;4,93;10,81;2,78;0,37;0,13;;;;;;
;;Basaltic andesite;;;55,83;1,56;16,14;10,42;0,21;3,53;7,75;3,83;0,55;0,17;;;;;;
;;Basaltic andesite;;;54,73;1,45;16,26;9,85;0,17;4,35;8,97;3,04;0,93;0,25;;;;;;
;;Basaltic andesite;;;54,58;1,49;16,53;9,77;0,18;4,22;9,14;3,05;0,78;0,26;;;;;;
;;Basaltic andesite;;;53,54;1,66;16,69;10,52;0,23;4,25;8,94;3,47;0,52;0,18;;;;;;
;;Basaltic andesite;;;52,98;1,6;16,06;11,86;0,23;4,64;8,64;3,34;0,47;0,17;;;;;;
;;Basalt;;;50,82;1,25;20,15;9,44;0,17;3,82;10,98;2,86;0,38;0,13;;;;;;
;;Basalt;;;50,98;1,28;19,95;9,57;0,17;3,71;10,95;2,86;0,41;0,13;;;;;;
;;Quartz diorite;;;58,73;0,98;17,02;6,63;0,11;4,2;7,19;3,83;1,15;0,18;;;;;;
;;Quartz diorite;;;59,32;1,01;17,19;6,11;0,11;3,99;7,2;3,74;1,15;0,19;;;;;;
;;Basalt;;;50,65;1,14;21,09;8,64;0,16;3,75;11,39;2,72;0,35;0,11;;;;;;
;;Basalt;;;50,79;1,19;20,58;8,95;0,17;3,83;11,19;2,83;0,36;0,11;;;;;;
;;Basalt;;;50,88;1,11;21,12;8,06;0,16;4,08;11,54;2,71;0,23;0,1;;;;;;
;;Basalt;;;50,91;1,35;19,67;9,25;0,17;4,33;10,95;2,82;0,44;0,12;;;;;;
;;Basalt;;;51,04;1,2;20,57;8,68;0,17;3,88;11,17;2,81;0,37;0,11;;;;;;
;;Basalt;;;51,29;1,08;20,01;8,42;0,16;4,53;11,33;2,67;0,4;0,1;;;;;;
;;Basalt;;;51,84;1,99;15,58;12,46;0,24;4,81;9,36;3,21;0,33;0,18;;;;;;
;;Basaltic andesite;;;52,04;1,78;16,25;11,92;0,22;4,76;9,18;3,25;0,42;0,17;;;;;;
;;Basaltic andesite;;;52,15;1,84;15,51;12,27;0,22;4,84;9,2;3,21;0,58;0,17;;;;;;
;;Basaltic andesite;;;52,57;1,61;17,25;10,52;0,22;4,6;9,57;3,1;0,41;0,15;;;;;;
;;Basaltic andesite;;;52,62;1,77;15,59;12,16;0,24;4,74;9,02;3,24;0,44;0,17;;;;;;
;;Basaltic andesite;;;52,75;1,8;15,76;12,05;0,24;4,61;8,78;3,32;0,5;0,18;;;;;;
;;Basaltic andesite;;;53,07;1,96;15,91;11,9;0,21;4,39;8,18;3,46;0,67;0,25;;;;;;
;;Basaltic andesite;;;53,12;2,06;15,16;12,47;0,23;4,18;8,47;3,43;0,66;0,22;;;;;;
;;Basaltic andesite;;;53,32;1,62;17,27;10,65;0,21;3,76;9,04;3,42;0,52;0,19;;;;;;
;;Basaltic andesite;;;53,45;1,54;15,84;10,88;0,22;4,88;9,39;3,13;0,52;0,14;;;;;;
;;Basaltic andesite;;;53,61;1,59;15,88;10,58;0,22;4,83;9,49;3,3;0,35;0,15;;;;;;
;;Basaltic andesite;;;53,64;1,6;16,1;10,31;0,21;4,74;9,5;3,31;0,43;0,15;;;;;;
;;Basaltic andesite;;;53,65;1,63;16,16;11,23;0,22;4,32;8,86;3,34;0,44;0,15;;;;;;
;;Basaltic andesite;;;53,86;1,47;18,16;9,33;0,2;3,62;9,17;3,54;0,49;0,15;;;;;;
;;Basaltic andesite;;;54,22;1,84;15,96;11,02;0,23;3,96;8,56;3,7;0,32;0,2;;;;;;
;;Basaltic andesite;;;52,77;1,7;15,39;12,8;0,23;4,63;8,44;3,41;0,46;0,16;;;;;;
;;Basaltic andesite;;;52,14;1,82;15,8;12,09;0,24;4,77;9,33;3,4;0,26;0,16;;;;;;
;;Basaltic andesite;;;52,64;1,69;16,43;11,84;0,2;4,39;8,84;3,39;0,41;0,16;;;;;;
;;Basalt;;;51,64;1,95;15,69;12,62;0,21;4,84;9,08;3,31;0,48;0,19;;;;;;
;;Quartz diorite;;;55,8;1,13;18,43;6,98;0,11;4,4;8,09;3,89;0,88;0,29;;;;;;
;;Quartz diorite;;;56,58;0,94;18;7,19;0,13;4,53;8,13;3,29;1,03;0,19;;;;;;
;;Quartz diorite;;;56,99;0,94;18,48;8,02;0,15;3,58;7,33;3,58;0,7;0,21;;;;;;
;;Quartz diorite;;;56,79;0,98;17,49;6,26;0,11;3,82;9,45;3,82;1,11;0,18;;;;;;
;;Granodiorite;;;59,09;1,1;17,36;6,72;0,14;3,44;6,48;3,9;1,57;0,2;;;;;;
;;Quartz monzodiorite;;;58,85;1,09;17,27;6,71;0,1;3,45;6,96;3,91;1,46;0,19;;;;;;
;;Quartz diorite;;;59,64;0,99;17,17;6,62;0,16;3,19;6,75;3,98;1,31;0,19;;;;;;
;;Granodiorite;;;59,74;1,05;17,3;6,25;0,11;3,37;6,49;3,94;1,58;0,18;;;;;;
;;Quartz monzodiorite;;;59,91;1,11;16,84;6,27;0,12;3,13;6,35;3,93;2,12;0,21;;;;;;
;;Granodiorite;;;59,87;1,06;16,58;6,46;0,12;3,72;6,64;3,76;1,59;0,19;;;;;;
;;Quartz monzodiorite;;;61,24;0,99;16,64;5,98;0,14;3,27;5,82;3,98;1,74;0,2;;;;;;
;;Quartz monzodiorite;;;60,93;0,8;17,21;5,91;0,09;3,04;6,28;4,05;1,52;0,18;;;;;;
;;Quartz monzodiorite;;;60,94;0,87;16,72;5,67;0,08;3,42;6,45;3,83;1,81;0,21;;;;;;
;;Quartz monzodiorite;;;61,35;0,93;17,05;5,43;0,1;2,93;5,75;4,34;1,92;0,2;;;;;;
;;Quartz monzodiorite;;;62,5;0,8;16,67;5,84;0,09;2,97;5,32;3,99;1,64;0,19;;;;;;
;;Granodiorite;;;61,87;0,93;16,61;5,57;0,07;2,94;5,87;3,65;2,33;0,17;;;;;;
;;Granodiorite;;;61,82;0,98;16,47;5,89;0,11;2,82;5,62;3,92;2,19;0,18;;;;;;
;;Granodiorite;;;61,59;1,08;15,73;6,17;0,07;3,32;5,67;4,37;1,8;0,2;;;;;;
;;Granodiorite;;;62,55;0,88;16,71;5,4;0,1;2,85;5,7;3,87;1,73;0,2;;;;;;
;;Granodiorite;;;61,74;1;16,29;5,61;0,09;3,02;6,03;3,82;2,21;0,19;;;;;;
;;Granodiorite;;;61,61;0,94;16,59;5,67;0,1;3,01;5,91;4,07;1,95;0,16;;;;;;
;;Tonalite;;;62,75;0,88;16,68;5,56;0,09;2,75;5,49;4,17;1,42;0,19;;;;;;
;;Granodiorite;;;63,12;0,9;16,52;5,34;0,08;2,75;5,4;3,98;1,73;0,17;;;;;;
;;Quartz monzodiorite;;;63,03;0,81;16,62;4,99;0,07;2,63;5,37;4,26;2,03;0,19;;;;;;
;;Granodiorite;;;63,14;0,75;17;4,39;0,08;2,63;5,77;4,15;1,92;0,17;;;;;;
;;Granodiorite;;;63,7;0,85;16,61;4,42;0,12;2,75;5,61;3,97;1,83;0,13;;;;;;
;;Granodiorite;;;63,3;0,96;15,6;5,74;0,15;2,41;5,17;3,94;2,57;0,16;;;;;;
;;Granodiorite;;;63,18;0,92;16,15;5,69;0,07;2,72;5,15;3,84;2,12;0,17;;;;;;
;;Granodiorite;;;63,27;0,86;16,55;4,99;0,12;2,62;5,45;4,14;1,82;0,19;;;;;;
;;Granodiorite;;;63,57;0,89;16,45;4,92;0,08;2,42;5,25;3,83;2,42;0,17;;;;;;
;;Granodiorite;;;63,53;0,89;16,08;5,29;0,08;2,58;5,24;3,97;2,17;0,16;;;;;;
;;Granodiorite;;;63,59;0,85;16,58;4,55;0,08;2,71;5,53;4,22;1,71;0,18;;;;;;
;;Granodiorite;;;64,26;0,76;16,19;4,73;0,1;2,41;5,13;4,02;2,21;0,17;;;;;;
;;Granodiorite;;;64,52;0,86;16,03;4,71;0,12;2,42;4,74;4,23;2,22;0,15;;;;;;
;;Granodiorite;;;65,05;0,78;15,78;4,91;0,1;2,39;4,67;3,77;2,4;0,14;;;;;;
;;Granite?;;;65,71;0,75;15,95;4,79;0,03;1,83;4,16;4,06;2,54;0,17;;;;;;
;;Granite;;;66,45;0,69;15,58;4,31;0,09;1,82;4,18;4,17;2,61;0,11;;;;;;
;;Granodiorite;;;67,01;0,6;15,89;3,71;0,08;2,02;4,15;4,25;2,13;0,15;;;;;;
;;Granodiorite;;;68,72;0,63;14,8;3,71;0,07;1,48;3,41;3,67;3,42;0,11;;;;;;
;;Granite;;;69,05;0,61;15,14;3,1;0,06;1,72;3,43;3,94;2,83;0,12;;;;;;
;;Granite;;;70,24;0,54;14,99;3,17;0,05;1,33;2,85;3,67;3,06;0,1;;;;;;
;;Granite;;;70,12;0,46;14,49;2,59;0,06;1,51;2,41;4,12;4,12;0,11;;;;;;
;;Granite;;;70,18;0,5;14,22;3,15;0,08;1,51;2,53;3,93;3,83;0,08;;;;;;
;;Granite;;;71,56;0,54;14,45;2,59;0,04;1,11;2,12;3,44;4,04;0,1;;;;;;
;;Granite;;;71,69;0,48;13,91;3,02;0,08;0,94;2,25;3,13;4,43;0,08;;;;;;
;;Granite;;;72,32;0,42;14,5;2,43;0,07;0,84;1,22;3,96;4,16;0,08;;;;;;
;;Granite;;;72,71;0,39;14,26;2,44;0,05;0,8;1,93;3,26;4,07;0,08;;;;;;
;;Granite;;;72,99;0,39;13,83;2,4;0,03;0,67;2;3,2;4,42;0,06;;;;;;
;;Granite;;;75,22;0,31;13,45;1,48;0,04;0,47;1,53;3,06;4,38;0,06;;;;;;
;;Granite;;;75,89;0,33;13,22;1,88;0,04;0,21;0,29;3,84;4,24;0,05;;;;;;
;;Aplite;;;76,54;0,17;12,97;0,79;0,03;0,15;0,56;3,32;5,43;0,03;;;;;;
;;Basalt;;;50,9;2,26;17,52;10,92;0,21;3,44;9,65;3,44;1,14;0,53;;;;;;
;;Basalt;;;51,9;1,64;16,1;10,34;0,18;5,51;10,36;3,29;0,44;0,24;;;;;;
;;Basaltic andesite;;;52,41;1,27;18,16;8,81;0,21;5,53;9,83;3,03;0,56;0,19;;;;;;
;;Basaltic andesite;;;53,24;1,14;16,67;8,34;0,15;7,48;9,31;3,15;0,33;0,19;;;;;;
;;Basaltic andesite;;;52,74;1,35;18,16;9,18;0,2;4,87;9,45;3,22;0,62;0,21;;;;;;
;;Basaltic andesite;;;54,17;1,43;17,75;8,11;0,13;5,03;8,56;3,7;0,85;0,28;;;;;;
;;Basaltic andesite;;;54,75;1,63;16,68;9,39;0,15;4,2;8,6;3,77;0,5;0,34;;;;;;
;;Basaltic andesite;;;54,99;1,36;17,38;8,16;0,16;4,3;8,65;3,53;1,14;0,34;;;;;;
;;Basaltic andesite;;;56,76;1,51;17,52;7,74;0,14;3,18;7,3;4,01;1,5;0,36;;;;;;
;;Andesite;;;57,48;1,89;16,26;9,04;0,16;2,9;5,95;4,47;1,41;0,42;;;;;;
;;Andesite;;;58,59;1,08;17,06;6,8;0,12;4,18;6,99;3,68;1,24;0,26;;;;;;
;;Dacite;;;66,88;0,75;15,12;5,22;0,12;1,23;3,7;4,92;1,83;0,22;;;;;;
;;Basalt;;;51,56;1,02;17,01;9,69;0,18;5,98;11,38;2,69;0,34;0,15;;;;;;
;;Basaltic andesite;;;52,24;1,14;16,45;9,25;0,16;6,4;10,9;2,87;0,39;0,19;;;;;;
;;Basalt;;;51,93;1;16,84;9,56;0,14;6,17;11,33;2,6;0,29;0,14;;;;;;
;;Basalt;;;51,87;1,03;17,02;9,54;0,17;5,76;11,41;2,7;0,36;0,14;;;;;;
;;Basalt;;;51,76;1,03;16,37;9,52;0,17;6,39;11,49;2,77;0,37;0,15;;;;;;
;;Basaltic andesite;;;52,85;1,24;17,65;8,79;0,19;5,76;9,57;3,01;0,71;0,23;;;;;;
;;Basaltic andesite;;;52,39;1,13;16,44;9,29;0,16;6,07;11,13;2,83;0,38;0,17;;;;;;
;;Basaltic andesite;;;52,14;1,47;17,48;9,14;0,15;5,83;9,7;3,32;0,38;0,39;;;;;;
;;Basaltic andesite;;;52,5;1,31;17,57;9,38;0,17;4,82;10,32;3,2;0,51;0,21;;;;;;
;;Basaltic andesite;;;53,15;1,35;16,17;10,67;0,18;5,11;9,68;3,15;0,34;0,21;;;;;;
;;Basaltic andesite;;;52,83;1,14;16,25;9,76;0,17;5,85;10,63;2,91;0,31;0,15;;;;;;
;;Basaltic andesite;;;53,09;2,09;15,65;11,42;0,18;4,42;8,64;3,24;0,94;0,32;;;;;;
;;Basaltic andesite;;;53,65;1,11;18,16;8,52;0,16;4,3;10,36;3,03;0,51;0,21;;;;;;
;;Basaltic andesite;;;55,68;1,9;15,79;10,19;0,18;3,76;8,32;3,49;0,37;0,31;;;;;;
;;Basaltic andesite;;;55,53;1,87;16;10,03;0,18;3,67;8,26;3,64;0,52;0,3;;;;;;
;;Diorite;;;54,68;1,11;16,84;8,06;0,14;6,19;8,75;3,21;0,79;0,23;;;;;;
;;Basaltic andesite;;;55,33;1,2;18,24;7,81;0,12;4,01;8,9;3,4;0,77;0,23;;;;;;
;;Basaltic andesite;;;55,43;1,2;18,65;7,64;0,15;3,66;8,83;3,51;0,71;0,22;;;;;;
;;Andesite;;;57,04;1,76;16,3;8,73;0,17;3,33;7,24;4,17;0,71;0,55;;;;;;
;;Andesite;;;57,41;1,34;16,82;7,86;0,13;4,35;7,12;3,63;0,87;0,46;;;;;;
;;Basaltic andesite;;;56,52;0,98;18,6;6,71;0,18;4,35;8,04;3,72;0,69;0,21;;;;;;
;;Andesite;;;57,26;0,98;18,44;6,77;0,1;4,13;7,61;3,77;0,72;0,23;;;;;;
;;Andesite;;;57,75;1,38;17,44;7,48;0,13;3,31;6,79;4,22;1,01;0,49;;;;;;
;;Andesite;;;57,89;1,3;16,61;7,53;0,14;4,31;6,87;3,95;0,94;0,44;;;;;;
;;Andesite;;;58,37;1,04;17,78;6,73;0,11;3,83;6,92;3,9;1,08;0,25;;;;;;
;;Andesite;;;58,29;1,01;17,67;6,66;0,12;4,14;7,18;3,84;0,88;0,2;;;;;;
;;Andesite;;;58,8;0,95;20,04;5,16;0,09;1,91;7,23;4,5;1,02;0,3;;;;;;
;;Andesite;;;58,64;0,92;18,15;6,21;0,1;3,72;7;4,03;1,03;0,2;;;;;;
;;Andesite;;;58,85;1,06;17,88;6,36;0,11;3,65;7,23;3,71;0,89;0,26;;;;;;
;;Andesite;;;58,77;1,03;18,44;5,86;0,1;3,19;7,02;4,24;1,12;0,24;;;;;;
;;Andesite;;;59,62;0,99;17,6;6,16;0,13;3,42;6,64;4,14;1,05;0,24;;;;;;
;;Andesite;;;60,68;0,87;17,84;5,51;0,09;3,1;6,36;4,17;1,16;0,23;;;;;;
;;Andesite;;;60,75;0,97;17,21;5,74;0,09;3,25;6,29;4,15;1,28;0,26;;;;;;
;;Andesite;;;60,75;0,97;16,74;6,15;0,1;3,44;6,19;4,08;1,27;0,31;;;;;;
;;Andesite;;;62,15;0,91;17,19;5,27;0,08;2,71;5,81;4,25;1,42;0,21;;;;;;
;;Andesite;;;58,63;1;18,36;6,23;0,11;3,4;6,94;4,04;1,07;0,22;;;;;;
;;Andesite;;;60,07;1,71;15,36;8,26;0,16;2,64;5,86;4,53;1,09;0,32;;;;;;
;;Andesite;;;60,24;1,64;15,43;8,29;0,17;2,61;5,75;4,47;1,02;0,37;;;;;;
;;Andesite;;;57,25;1,9;15,93;8,89;0,2;3,27;6,89;4,17;1,1;0,4;;;;;;
;;Basaltic andesite;;;55,88;1,78;16,23;9,66;0,17;3,75;7,97;3,79;0,45;0,32;;;;;;
;;Basaltic andesite;;;56,04;1,58;16,55;8,87;0,16;3,99;7,95;3,98;0,58;0,31;;;;;;
;;Andesite;;;57,4;2,03;16,17;8,84;0,16;3,1;6,43;4,55;0,98;0,34;;;;;;
;;Andesite;;;58,26;1,42;16,58;8,26;0,14;2,98;7,05;4,32;0,67;0,32;;;;;;
;;Andesite;;;57,28;2,15;15,53;9,35;0,2;3,25;5,91;4,65;1,14;0,53;;;;;;
;;Basaltic andesite;;;55,09;1,53;18,09;7,68;0,15;3,8;8,84;3,79;0,71;0,3;;;;;;
;;Basaltic andesite;;;53,05;1,95;16,8;10,45;0,17;4,1;8,76;3,79;0,67;0,25;;;;;;
;;Basaltic andesite;;;53,03;1,96;16,04;10,77;0,18;4,45;8,74;3,74;0,65;0,43;;;;;;
;;Basalt;;;51,48;1,66;18,66;9,01;0,15;4,34;10,87;3;0,52;0,3;;;;;;
;;Basaltic andesite;;;55,55;1,37;17,96;8,29;0,14;3,54;8,9;3,38;0,6;0,27;;;;;;
;;Andesite;;;62,95;0,85;17,06;5,32;0,08;2,71;5,83;3,9;1,1;0,22;;;;;;
;;Basaltic andesite;;;56,27;1,64;16,11;9,39;0,15;3,75;7,74;4,1;0,5;0,35;;;;;;
;;Basaltic andesite;;;53,84;1,29;17,07;8,38;0,14;5,61;9,51;3,11;0,79;0,27;;;;;;
;;Basaltic andesite;;;56,35;1,72;15,6;10,17;0,16;3,63;7,83;3,53;0,7;0,3;;;;;;
;;Dacite;;;64,65;0,97;16,5;5,34;0,1;1,82;4,32;4,26;1,68;0,34;;;;;;
;;Andesite;;;62,78;1,23;16,03;6,17;0,12;2,3;5,27;4,15;1,62;0,32;;;;;;
;;Basaltic andesite;;;55,28;1,47;16,77;9,12;0,16;4,36;8,8;3,34;0,41;0,29;;;;;;
;;Basaltic andesite;;;53,92;1,28;18,79;8,41;0,15;3,65;9,52;3,5;0,57;0,21;;;;;;
;;Basaltic andesite;;;52,82;2,34;15,55;11,68;0,22;4,05;8,34;3,75;0,88;0,39;;;;;;
;;Basaltic andesite;;;53,17;2,02;15,78;10,8;0,17;4,56;8,53;3,85;0,77;0,35;;;;;;
;;Basaltic andesite;;;54,02;2,15;16,15;10,83;0,2;4,13;7,53;3,69;0,97;0,33;;;;;;
;;Basaltic andesite;;;52,96;1,92;16,06;11,16;0,19;4,35;8,68;3,69;0,57;0,42;;;;;;
;;Andesite;;;61,17;1,54;15,8;7,38;0,16;2,23;4,47;5,25;1,39;0,6;;;;;;
;;Basaltic andesite;;;54,17;2,16;16,04;10,25;0,2;4,06;7,92;4,05;0,73;0,42;;;;;;
;;Basaltic andesite;;;53,84;2,05;16,31;10,58;0,19;4,19;7,9;3,94;0,72;0,28;;;;;;
;;Dacite;;;67,4;0,81;15,44;4,71;0,12;0,98;2,39;5,99;1,91;0,25;;;;;;
;;Basaltic andesite;;;55,47;2,12;15,87;9,53;0,23;3,65;7,4;4,43;0,88;0,43;;;;;;
;;Andesite;;;57,58;1,14;17,51;6,82;0,14;4,07;7,64;3,86;0,99;0,25;;;;;;
;;Basaltic andesite;;;52,23;1,89;16,25;10,89;0,21;4,69;9,15;3,7;0,68;0,31;;;;;;
;;Andesite;;;57,83;1,93;16,44;8,15;0,2;2,99;6,4;4,56;1,04;0,46;;;;;;
;;Basalt;;;51,49;1,4;17,21;8,68;0,14;6,58;10,65;3,07;0,48;0,29;;;;;;
;;Basaltic andesite;;;53,91;1,49;17,21;8,25;0,16;5,28;8,94;3,59;0,82;0,34;;;;;;
;;Basaltic andesite;;;56,88;1,94;16,15;9,01;0,14;3,25;6,51;4,44;1,23;0,46;;;;;;
;;Andesite;;;61,42;1,41;15,83;7,27;0,17;2,27;5,07;4,37;1,6;0,58;;;;;;
;;Basaltic andesite;;;55,19;1,57;16,58;9;0,14;4,41;8,69;3,52;0,57;0,33;;;;;;
;;Andesite;;;57,48;1,31;19,14;6,3;0,13;2,6;7,27;4,45;1;0,33;;;;;;
;;Basaltic andesite;;;52,13;1,9;16,3;10,93;0,17;4,72;9,1;3,75;0,69;0,31;;;;;;
;;Basaltic andesite;;;53,2;1,91;16,38;10,47;0,17;4,32;8,69;3,84;0,7;0,3;;;;;;
;;Basaltic andesite;;;56,76;1,85;16,43;8,68;0,16;3,17;6,68;4,61;1,22;0,44;;;;;;
;;Dacite;;;63,66;1,24;15,96;5,98;0,14;1,75;3,85;5,01;1,96;0,46;;;;;;
;;Basaltic andesite;;;53,47;1,44;19,14;7,97;0,17;4,14;9,07;3,58;0,7;0,32;;;;;;
;;Andesite;;;62,69;0,81;16,86;5,25;0,09;3,1;5,92;3,99;1,09;0,21;;;;;;
;;Basalt;;;50,24;1,77;17,73;10,52;0,17;6,38;8,55;3,76;0,48;0,4;;;;;;
;;Basaltic andesite;;;53,99;1,47;17,92;8,25;0,16;4,97;8,69;3,53;0,73;0,3;;;;;;
;;Basaltic andesite;;;57,13;1,86;16,53;8,46;0,17;3,25;6,52;4,46;1,18;0,45;;;;;;
;;Andesite;;;60,57;1,38;16,32;7,13;0,11;2,76;5,46;4,36;1,55;0,37;;;;;;
;;Basaltic andesite;;;54,16;1,49;18,5;8,31;0,14;4,01;8,5;3,7;0,91;0,26;;;;;;
;;Basaltic andesite;;;56,45;1,95;17;8,08;0,21;3,53;7,42;4,2;0,8;0,35;;;;;;
;;Basaltic andesite;;;54,29;1,38;18,93;8,37;0,17;3,21;9,21;3,46;0,69;0,28;;;;;;
;;Basaltic andesite;;;56,54;1,62;16,95;8,68;0,14;3,46;7,25;4,11;0,92;0,32;;;;;;
;;Basaltic andesite;;;52,77;1,76;16,84;10,23;0,21;4,22;9,22;3,78;0,68;0,29;;;;;;
;;Basaltic andesite;;;54,27;2,16;16,28;10,03;0,19;3,74;7,65;4,32;0,93;0,43;;;;;;
;;Dacite;;;65,46;1,15;15,56;5,2;0,11;1,57;3,78;5,16;1,64;0,39;;;;;;
;;Basaltic andesite;;;52,51;1,85;17,27;10,02;0,15;4,4;9,19;3,68;0,64;0,3;;;;;;
;;Basaltic andesite;;;52,9;1,08;18,38;8,14;0,14;6,12;9,65;2,95;0,41;0,23;;;;;;
;;Basaltic andesite;;;54,4;1,17;17,22;8,45;0,15;4,96;9,61;3,2;0,61;0,2;;;;;;
;;Basaltic andesite;;;54,71;1,53;16,5;9,19;0,16;4,73;9,11;3,48;0,35;0,24;;;;;;
;;Basaltic andesite;;;55,52;1,4;17,1;9,12;0,28;3,44;8,63;3,66;0,66;0,2;;;;;;
;;Dacite;;;69,98;0,73;16,24;2,25;0,06;0,24;2,64;5,71;1,88;0,26;;;;;;
;;Basaltic andesite;;;55,93;1,18;16,84;7,64;0,14;5,47;8,63;3,1;0,8;0,27;;;;;;
;;Basaltic andesite;;;54,51;1,86;16,48;10,23;0,16;3,78;8,08;3,82;0,8;0,29;;;;;;
;;Basaltic andesite;;;53,49;1,94;16,17;10,34;0,18;4,63;8,45;3,67;0,77;0,38;;;;;;
;;Basaltic andesite;;;54,54;1,4;18,14;8,13;0,15;4,34;8,58;3,68;0,7;0,34;;;;;;
;;Basaltic andesite;;;56,95;2,11;16,26;8,92;0,21;2,85;6,36;4,66;1,1;0,59;;;;;;
;;Basaltic andesite;;;56,92;2,2;16,11;8,84;0,19;3,25;6,18;4,68;1,11;0,54;;;;;;
;;Basaltic andesite;;;54,39;1,37;18,73;8,12;0,29;3,41;9,21;3,59;0,65;0,24;;;;;;
;;Basaltic andesite;;;52,14;1,8;16,34;10,65;0,19;5,06;9,49;3,43;0,63;0,28;;;;;;
;;Basalt;;;51,1;1,56;17,67;9,1;0,15;6,06;10,98;2,79;0,3;0,29;;;;;;
;;Basaltic andesite;;;56,1;2,04;15,99;9,48;0,16;3,67;6,91;4,22;1,02;0,41;;;;;;
;;Basaltic andesite;;;56,2;2,02;15,93;9,72;0,18;3,36;6,89;4,22;1,05;0,42;;;;;;
;;Basaltic andesite;;;56,74;2,1;16,28;9,33;0,2;2,7;6,22;4,64;1,18;0,6;;;;;;
;;Basaltic andesite;;;52,97;1,56;17,04;9;0,16;6,03;9,38;3,17;0,35;0,33;;;;;;
;;Basalt scoria;;;49,6;1,52;14,74;11,56;0,22;10,47;8,08;3,27;0,22;0,32;;;;;;
;;Basalt;;;51,4;1,5;17,34;9,26;0,14;6,66;9,82;3,16;0,5;0,23;;;;;;
;;Basalt;;;51,3;1,09;19,05;8,46;0,1;4,61;12,29;2,66;0,31;0,13;;;;;;
;;Basaltic andesite;;;52,25;1,08;17,86;8,74;0,15;6,5;9,98;2,81;0,42;0,2;;;;;;
;;Basaltic andesite;;;52,56;1,02;18,03;8,3;0,14;6,39;9,98;3,03;0,39;0,15;;;;;;
;;Basaltic andesite;;;52,02;1,61;18,81;8,92;0,15;3,85;10,23;3,49;0,61;0,32;;;;;;
;;Basaltic andesite;;;52,3;1,94;16,38;9,77;0,16;6,22;9,08;3,2;0,45;0,49;;;;;;
;;Basaltic andesite;;;52,36;1,16;16,71;9,03;0,15;6,2;11;2,76;0,43;0,2;;;;;;
;;Basaltic andesite;;;52,77;1,45;15,61;11,18;0,2;5,39;9,6;3,17;0,45;0,18;;;;;;
;;Basaltic andesite;;;52,43;1,67;18,53;8,9;0,18;3,66;10,18;3,53;0,62;0,3;;;;;;
;;Basalt;;;51,91;1,09;17,74;8,5;0,15;5,88;11,19;2,94;0,44;0,16;;;;;;
;;Basaltic andesite;;;53,09;1,66;17,77;8,92;0,15;4,45;9,57;3,42;0,71;0,26;;;;;;
;;Basaltic andesite;;;52,31;1,91;16,42;9,7;0,15;6,1;8,96;3,48;0,51;0,46;;;;;;
;;Basaltic andesite;;;53,28;1,32;16,64;9,93;0,22;5,29;9,48;3,21;0,47;0,16;;;;;;
;;Basaltic andesite;;;53,23;1,12;17,44;8,59;0,14;6,06;9,59;3;0,64;0,19;;;;;;
;;Basaltic andesite;;;53,59;1,97;16,19;10,33;0,18;3,86;8,83;3,9;0,74;0,39;;;;;;
;;Basaltic andesite;;;53,37;1,41;16,02;10,75;0,19;4,93;9,22;3,42;0,51;0,18;;;;;;
;;Basaltic andesite;;;53,7;2,1;16,22;10,45;0,17;4;8,14;4,07;0,78;0,37;;;;;;
;;Basaltic andesite;;;54,34;1,48;15,44;10,65;0,21;4,98;8,52;3,4;0,74;0,24;;;;;;
;;Basaltic andesite;;;54,65;2,01;16,53;10,7;0,15;3,56;7,36;3,75;0,98;0,3;;;;;;
;;Basaltic andesite;;;53,73;2,15;15,77;11,01;0,19;4;8,24;4,1;0,44;0,36;;;;;;
;;Basaltic andesite;;;54,36;1,35;17,27;8,63;0,14;5,06;8,72;3,31;0,93;0,24;;;;;;
;;Basaltic andesite;;;54,42;1,53;15,62;10,84;0,19;4,53;8,38;3,66;0,6;0,21;;;;;;
;;Basaltic andesite;;;53,15;1,59;19,23;8,27;0,14;3,45;9,54;3,68;0,68;0,26;;;;;;
;;Andesite;;;57,06;2,04;16,23;8,83;0,15;3,38;6,55;4,43;1;0,33;;;;;;
;;Basaltic andesite;;;57;1,63;16,23;8,47;0,15;3,67;7,58;4,09;0,83;0,35;;;;;;
;;Basalt;;;51,37;0,98;16,81;9,61;0,16;5,95;11,72;2,9;0,37;0,13;;;;;;
;;Quartz diorite;;;53,72;1,32;18,35;9,47;0,18;4,05;8,67;3,4;0,54;0,31;;;;;;
;;Basaltic andesite;;;53,99;1,27;20,61;7,63;0,17;2,68;8,93;3,74;0,68;0,3;;;;;;
;;Diorite;;;54,95;1,2;19,45;8,18;0,15;2,68;8,58;3,86;0,74;0,21;;;;;;
;;Diorite;;;54,97;1,32;17,91;9,4;0,18;3,61;7,47;4,08;0,75;0,29;;;;;;
;;Basaltic andesite;;;54,95;1,23;18,21;8,15;0,19;4,05;8,44;3,6;0,94;0,23;;;;;;
;;Basaltic andesite;;;54,98;1,31;20,33;6,93;0,14;2,53;8,68;3,97;0,8;0,33;;;;;;
;;Quartz diorite;;;58,62;0,82;17,76;8,56;0,23;2,24;5,95;4,58;0,72;0,51;;;;;;
;;Andesite;;;58,23;1,23;16,9;7,42;0,14;3,54;7,02;3,78;1,47;0,26;;;;;;
;;Andesite;;;58,26;1,16;16,99;7,17;0,12;3,72;7,33;3,6;1,4;0,24;;;;;;
;;Andesite;;;59,02;1,14;16,54;7,07;0,12;3,7;6,72;3,74;1,7;0,26;;;;;;
;;Andesite;;;59,35;1,12;16,61;6,92;0,13;3,59;6,61;3,74;1,68;0,26;;;;;;
;;Andesite;;;62,53;0,78;17,1;5,43;0,11;2,64;6,13;3,94;1,13;0,21;;;;;;
;;Basaltic andesite;;;53,02;1,63;18,18;8,76;0,18;4,35;9,58;3,48;0,53;0,28;;;;;;
;;Basaltic andesite;;;53,07;1,41;15,73;10,93;0,2;5,27;9,58;3,09;0,52;0,21;;;;;;
;;Basaltic andesite;;;52,27;1,15;16,5;9,32;0,15;6,22;10,97;2,84;0,39;0,18;;;;;;
;;Basaltic andesite;;;52,84;1,67;17,38;9,81;0,19;4,29;9,51;3,61;0,43;0,28;;;;;;
;;Diorite dike;;;55,06;1,5;16,91;8,65;0,14;4,54;8,47;3,54;0,87;0,33;;;;;;
;;Basaltic andesite;;;52,56;1,74;17,63;9,62;0,17;4,27;9,9;3,25;0,5;0,35;;;;;;
;;Basalt;;;50,85;0,79;21,61;6,88;0,11;4,57;12,33;2,35;0,37;0,13;;;;;;
;;Basalt;;;51,07;0,85;20,9;7,09;0,13;4,62;12,23;2,52;0,44;0,15;;;;;;
;;Andesite;;;58,72;1,08;17,32;6,62;0,1;4,2;6,71;4,02;0,97;0,26;;;;;;
;;Andesite;;;60,53;0,99;16,87;6,2;0,11;3,69;6,07;3,76;1,5;0,27;;;;;;
;;Andesite;;;59,53;1,61;16,8;6,89;0,16;2,38;5,6;4,25;2,31;0,47;;;;;;
;;Andesite;;;58,18;1,07;19,36;5,82;0,11;2,7;7,19;4,44;0,88;0,25;;;;;;
;;Basaltic andesite;;;56,32;1,14;17,47;6,78;0,11;5,19;8,11;3,82;0,83;0,23;;;;;;
;;Basaltic andesite;;;54,36;1,6;16,52;10;0,16;4,36;8,54;3,55;0,66;0,24;;;;;;
;;Basaltic andesite;;;54,57;1,6;16,39;10,17;0,16;4,2;8,47;3,64;0,55;0,24;;;;;;
;;Basaltic andesite;;;55,36;1,64;16,34;10,02;0,16;3,78;8;3,84;0,58;0,27;;;;;;
;;Basaltic andesite;;;54,1;1,92;15,91;10,62;0,18;3,94;8,4;3,91;0,65;0,36;;;;;;
;;Basalt;;;51,92;2,44;15,26;12,25;0,2;4,25;8,77;3,91;0,5;0,5;;;;;;
;;Andesite;;;59,29;1,45;17,71;6,68;0,15;2,36;6;4,67;1,27;0,42;;;;;;
;;Andesite;;;62,89;1,28;15,9;6,35;0,19;1,73;4,38;5;1,77;0,49;;;;;;
;;Andesite;;;57,78;2;16,46;8,35;0,17;2,83;6,21;4,81;1,01;0,38;;;;;;
;;Basaltic andesite;;;56,33;1,41;18,37;7,42;0,12;2,89;8,06;4,05;1,04;0,31;;;;;;
;;Andesite;;;57,79;1,99;16,39;8,33;0,15;3,14;6,11;4,72;1;0,37;;;;;;
;;Basaltic andesite;;;54,84;2,26;15,99;10,15;0,19;3,75;7,23;4,3;0,89;0,4;;;;;;
;;Andesite;;;62,57;1,34;15,85;6,49;0,15;1,81;4,85;4,77;1,67;0,5;;;;;;
;;Basaltic andesite;;;53,57;1,36;19,91;7,34;0,13;3,49;9,66;3,58;0,69;0,27;;;;;;
;;Andesite;;;61,01;1,48;15,82;7,62;0,15;2,09;4,8;4,95;1,56;0,52;;;;;;
;;Dacite;;;69,74;0,61;15,18;3,5;0,07;0,74;2,13;5,5;2,37;0,16;;;;;;
;;Andesite;;;59,01;1,62;16,4;7,73;0,15;2,56;6,3;4,26;1,42;0,53;;;;;;
;;Andesite;;;62,35;0,87;17,04;5,04;0,08;3,18;6,17;3,89;1,15;0,22;;;;;;
;;Andesite;;;62,86;1,07;17,1;5,59;0,1;1,97;5,05;4,47;1,45;0,34;;;;;;
;;Andesite;;;59,25;1,66;15,7;8,27;0,18;2,94;6,57;3,81;1,06;0,55;;;;;;
;;Basalt;;;51,66;1,7;18,28;9,24;0,15;4,51;10,48;3,21;0,44;0,32;;;;;;
;;Andesite;;;57,34;1,73;16,22;8,49;0,17;3,47;7,53;3,94;0,58;0,54;;;;;;
;;Andesite;;;60,52;1,64;16,1;7,36;0,16;2,39;5,24;4,85;1,23;0,51;;;;;;
;;Andesite;;;57,2;1,95;16,06;8,87;0,14;3,34;6,64;4,12;1,25;0,43;;;;;;
;;Basaltic andesite;;;54,44;1,58;18,66;7,95;0,21;3,46;8,75;3,79;0,83;0,33;;;;;;
;;Basaltic andesite;;;52,24;1,49;17,75;9,02;0,13;5,97;9,05;3,47;0,56;0,31;;;;;;
;;Basaltic andesite;;;52,24;1,81;18,44;9,31;0,18;4,47;8,61;3,72;0,72;0,5;;;;;;
;;Andesite;;;59,34;1,49;17,77;6,93;0,12;1,98;5,9;4,73;1,29;0,44;;;;;;
;;Basaltic andesite;;;55,15;1,12;19,69;6,76;0,1;3,71;8,87;3,51;0,84;0,25;;;;;;
;;Basaltic andesite;;;56,56;1,9;16,19;9,39;0,21;3,02;7,14;4,27;0,9;0,43;;;;;;
;;Basaltic andesite;;;54,89;1,76;17,99;8,53;0,17;3,41;8,11;3,9;0,9;0,32;;;;;;
;;Basalt;;;50,48;1,6;17,23;9,51;0,16;7,02;10,8;2,74;0,23;0,25;;;;;;
;;Andesite;;;57,14;1,66;16,76;8,56;0,16;3,19;7,02;4,25;0,93;0,34;;;;;;
;;Dacite;;;66,81;0,96;15,58;4,66;0,11;1,17;3,57;5,14;1,67;0,32;;;;;;
;;Andesite;;;58,26;1,79;15,69;9,13;0,17;2,96;6,16;4,36;1,05;0,44;;;;;;
;;Andesite;;;57,97;1,39;16,98;7,86;0,14;3,2;7,18;4,03;0,91;0,33;;;;;;
;;Basaltic andesite;;;54,32;1,46;17,32;8,46;0,14;5,21;8,12;3,89;0,78;0,31;;;;;;
;;Andesite;;;57,27;2,03;16,35;8,61;0,19;3,19;6,23;4,76;0,98;0,39;;;;;;
;;Andesite;;;57,47;1,26;17,79;7,31;0,12;3,38;7,82;3,51;1,11;0,23;;;;;;
;;Basaltic andesite;;;55;1,2;19,89;6,91;0,13;3,01;8,97;3,65;0,98;0,25;;;;;;
;;Basaltic andesite;;;55,03;1,68;16,43;9,91;0,18;4,05;8,25;3,58;0,58;0,31;;;;;;
;;Basaltic andesite;;;52,32;1,05;17,18;8,72;0,15;7,37;9,8;2,79;0,42;0,2;;;;;;
;;Basalt;;;50,75;1,77;16,95;9,84;0,16;6,57;10,41;2,86;0,44;0,25;;;;;;
;;Basalt;;;50,86;1,62;17,25;9,78;0,16;6,25;10,46;2,86;0,49;0,28;;;;;;
;;Basaltic andesite;;;52,7;0,88;16,29;8,4;0,14;9,37;8,65;2,8;0,57;0,19;;;;;;
;;Basaltic andesite;;;52,79;0,88;16,71;8,05;0,14;8,69;9,15;2,84;0,57;0,18;;;;;;
;;Basaltic andesite;;;52,42;1,2;16,76;9,18;0,15;7,21;9,78;2,89;0,22;0,17;;;;;;
;;Basaltic andesite;;;55,16;1,57;18,29;8,38;0,14;2,98;8,29;3,8;1,08;0,31;;;;;;
;;Basaltic andesite;;;56,48;2,04;15,36;9,93;0,21;3,56;7,63;3,72;0,77;0,31;;;;;;
;;Basaltic andesite;;;56,65;1,16;16,27;8;0,14;5,04;8,01;3,36;1,12;0,24;;;;;;
;;Andesite;;;57,4;1,46;16,27;8,13;0,14;4,17;7,32;3,45;1,35;0,31;;;;;;
;;Andesite;;;57,26;1,16;16,27;7,82;0,14;4,69;7,81;3,41;1,19;0,25;;;;;;
;;Andesite;;;57,67;1,52;16,88;8,55;0,2;3,11;6,76;4,15;0,91;0,24;;;;;;
;;Andesite dike;;;58,61;1,19;16,29;7,38;0,12;4,06;7,26;3,16;1,71;0,23;;;;;;
;;Andesite;;;58,58;1,4;16,3;7,87;0,13;3,47;6,97;3,52;1,46;0,31;;;;;;
;;Dacite;;;66,66;0,82;15,23;5,07;0,12;1,23;3,65;4,66;2,31;0,24;;;;;;
;;Basaltic andesite;;;52,07;1,39;17,87;9,27;0,17;5,12;10,85;2,75;0,31;0,2;;;;;;
;;Basaltic andesite;;;53,92;1,41;18,01;9;0,15;4,49;9,72;2,85;0,25;0,19;;;;;;
;;Diorite;;;54,73;1,17;18,69;7,94;0,12;4,65;8,62;3,16;0,72;0,2;;;;;;
;;Basaltic andesite;;;53,95;1,4;17,68;9,46;0,16;4,6;8,7;3,23;0,61;0,21;;;;;;
;;Basaltic andesite;;;55,2;1,45;17,41;9,05;0,16;3,74;9,01;3,07;0,6;0,31;;;;;;
;;Basaltic andesite;;;54,87;1,46;18,19;8,6;0,16;3,73;8,59;3,2;0,92;0,28;;;;;;
;;Basaltic andesite;;;56,55;1,67;16,01;9,67;0,18;3,55;7,63;3,8;0,69;0,24;;;;;;
;;Basaltic andesite;;;56,82;1,76;15,45;9,98;0,18;3,52;7,38;3,5;1,14;0,28;;;;;;
;;Andesite dike;;;57,64;1,33;17,19;8,4;0,14;3,17;8,09;3,43;0,39;0,22;;;;;;
;;Diorite;;;57,9;1,06;16,88;6,94;0,15;4,31;8,44;3,35;0,78;0,19;;;;;;
;;Andesite;;;57,83;1,48;17,95;7,87;0,13;2,44;7,72;3,06;1,19;0,33;;;;;;
;;Andesite;;;58,43;1,39;16,37;8,19;0,14;3,4;7,85;3,51;0,47;0,24;;;;;;
;;Andesite;;;58,58;1,52;15,62;9,05;0,16;3,38;7,03;3,48;0,93;0,24;;;;;;
;;Andesite;;;60,31;1,15;16,89;6,71;0,13;3,13;6,39;3,55;1,48;0,25;;;;;;
;;Andesite intrusion;;;60,07;1,12;16,42;6,91;0,12;3,5;6,63;3,37;1,67;0,19;;;;;;
;;Quartz diorite;;;60,08;1,07;16,9;6,69;0,14;3,34;6,8;3,32;1,43;0,22;;;;;;
;;Andesite;;;60,68;1,03;17,48;6,69;0,14;2,41;6,2;4,05;1,03;0,29;;;;;;
;;Andesite sill?;;;62,53;1,36;15,07;8,15;0,15;1,88;5,3;4,24;0,98;0,34;;;;;;
;;Dacite sill?;;;64,26;1,04;15,36;6,27;0,11;1,88;4,83;3,73;2,27;0,25;;;;;;
;;Dacite dike;;;63,56;1,11;15,81;6,36;0,14;2;4,9;4,11;1,74;0,27;;;;;;
;;Dacite sill?;;;66,2;1,03;14,77;5,92;0,13;1,27;3,74;4,49;2,16;0,29;;;;;;
;;Dacite;;;65,64;1,12;14,68;6,42;0,12;1,4;3,91;4,48;1,92;0,31;;;;;;
;;Dacite;;;66,84;0,91;14,84;5,9;0,11;1,18;3,35;4,64;1,96;0,28;;;;;;
;;Dacite dike;;;67,38;0,98;12,58;6,21;0,1;3,45;6,57;2,24;0,32;0,16;;;;;;
;;Rhyolite;;;71,93;0,37;14,24;3,49;0,07;0,33;1,85;4,48;3,17;0,06;;;;;;
;;Rhyolite;;;72,17;0,44;14,6;2,76;0,07;0,5;2,61;3,72;3,05;0,08;;;;;;
;;Andesite;;;57,83;1,22;17,82;8,18;0,17;2,52;6,55;4,3;1,11;0,28;;;;;;
;;Andesite;;;55,79;1,34;17,67;8,55;0,14;4,09;8;3,27;0,87;0,28;;;;;;
;;Diorite;;;55,52;1,61;17,66;8,37;0,13;3,74;8;3,46;1,18;0,33;;;;;;
;;Basaltic andesite;;;55,26;2,36;16,48;9,19;0,14;3,47;7,03;4,53;0,91;0,61;;;;;;
;;Basaltic andesite;;;54,32;2,27;16,66;9,1;0,18;3,84;8,28;3,92;0,9;0,51;;;;;;
;;Basaltic andesite;;;54,1;1,67;18,34;8,49;0,15;3,36;8,94;3,89;0,74;0,32;;;;;;
;;Basalt;;;51,95;1,88;17,49;10,22;0,18;4,25;9,42;3,63;0,67;0,31;;;;;;
;;Basaltic andesite;;;52,41;1,12;17,91;8,87;0,16;5,18;11,03;2,82;0,32;0,16;;;;;;
;;Basaltic andesite;;;52,09;1,05;18,21;8,71;0,16;5,31;11,28;2,71;0,31;0,16;;;;;;
;;Basaltic andesite;;;56,19;2,04;15,76;9,86;0,14;3,6;6,62;4,31;1,13;0,35;;;;;;
;;Basaltic andesite;;;52,91;2;16,04;10,97;0,18;4,3;8,65;3,88;0,77;0,29;;;;;;
;;Basaltic andesite;;;53,47;2,03;16,25;9,82;0,17;4,25;9,02;3,94;0,74;0,32;;;;;;
;;Basaltic andesite;;;52,79;1,88;16,58;10,34;0,16;4,39;9,09;3,73;0,69;0,33;;;;;;
;;Basaltic andesite;;;54,01;2,22;16,78;9,17;0,17;3,87;8,62;4,01;0,66;0,49;;;;;;
;;Basaltic andesite;;;54,07;2,1;16,76;9,31;0,15;3,76;9,14;3,64;0,77;0,31;;;;;;
;;Andesite;;;58,74;1,21;16,67;7,01;0,12;3,97;6,96;3,59;1,48;0,24;;;;;;
;;Andesite dike?;;;58,38;1,73;16,39;8,02;0,15;3;6,42;4,39;1,09;0,43;;;;;;
;;Basaltic andesite;;;56,4;1,32;17,46;7,56;0,14;3,74;8,33;3,38;1,38;0,29;;;;;;
;;Basaltic andesite;;;56,92;1,35;17,54;7,12;0,13;3,64;8,35;3,52;1,09;0,34;;;;;;
;;Andesite;;;58,88;1,2;16,5;7,36;0,14;3,64;6,77;3,82;1,39;0,3;;;;;;
;;Andesite;;;57,61;1,23;16,3;7,56;0,14;4,54;7,38;3,61;1,38;0,25;;;;;;
;;Andesite;;;59,66;1,23;16,31;7,25;0,1;3,51;6,29;3,88;1,41;0,36;;;;;;
;;Basaltic andesite;;;56,86;1,24;17,44;7,22;0,12;4,3;7,74;3,53;1,27;0,29;;;;;;
;;Dacite;;;65,12;0,83;15,52;6,5;0,11;1,01;3,4;4,7;2,5;0,3;;;;;;
;;Andesite;;;61,14;1,44;16,46;6,84;0,11;1,94;4,74;4,7;2,04;0,6;;;;;;
;;Basaltic andesite;;;52,52;1,41;18,13;8,69;0,2;5,1;9,69;3,35;0,63;0,27;;;;;;
;;Andesite;;;57,26;1,52;16,43;8,45;0,16;3,76;7,48;3,95;0,69;0,3;;;;;;
;;Basaltic andesite;;;54,4;1,09;20,23;6,81;0,11;3,38;9,82;3,26;0,7;0,2;;;;;;
;;Basaltic andesite;;;52,73;1,94;16,02;10,95;0,18;4,57;8,8;3,75;0,64;0,42;;;;;;
;;Basaltic andesite;;;56,43;1,92;15,66;9,79;0,17;3,65;7,39;4,09;0,56;0,34;;;;;;
;;Basaltic andesite;;;56,59;2,01;16,21;9,05;0,18;3,16;6,95;4,4;0,88;0,57;;;;;;
;;Basaltic andesite;;;53,71;1,39;17,52;8,37;0,12;5,26;9,23;3,31;0,71;0,38;;;;;;
;;Basaltic andesite;;;53,84;2,23;16,14;10,66;0,18;4;7,84;4,04;0,75;0,33;;;;;;
;;Basalt;;;51,41;2,45;15,51;11,95;0,22;4,41;9,08;3,85;0,48;0,63;;;;;;
;;Basaltic andesite;;;56,78;2,19;16,18;8,81;0,19;3,27;6,31;4,66;1,03;0,59;;;;;;
;;Basaltic andesite;;;54,55;2,1;15,95;10,65;0,14;3,72;7,46;4,23;0,81;0,38;;;;;;
;;Basaltic andesite;;;56,6;1,38;17,05;7,92;0,15;4,26;7,77;3,49;0,91;0,45;;;;;;
;;Basaltic andesite;;;53,12;1,91;16,24;10,82;0,18;4,31;8,64;3,69;0,69;0,4;;;;;;
;;Basaltic andesite;;;56,31;1,37;17,41;8,09;0,15;3,99;7,87;3,72;0,78;0,31;;;;;;
;;Basaltic andesite;;;54,83;1,55;16,78;9,06;0,15;4,44;8,39;3,64;0,85;0,32;;;;;;
;;Andesite;;;57,1;1,37;16,82;7,83;0,14;4,14;7,5;3,54;1,07;0,49;;;;;;
;;Basaltic andesite;;;56,67;1,36;16,82;8,22;0,15;4,05;7,92;3,67;0,69;0,46;;;;;;
;;Andesite;;;57,17;1,34;16,7;8,03;0,17;4,13;7,47;3,47;1,05;0,46;;;;;;
;;Basaltic andesite;;;55,16;2,32;15,79;10,2;0,27;3,36;7,22;4,34;0,95;0,39;;;;;;
;;Basaltic andesite;;;54,9;1,57;16,87;8,84;0,21;4,38;8,39;3,65;0,87;0,32;;;;;;
;;Basaltic andesite;;;54,27;1,37;17,37;8,27;0,14;5,12;8,92;3,41;0,76;0,36;;;;;;
;;Basaltic andesite;;;54,71;1,55;19,22;7,6;0,12;3,08;8,68;3,86;0,83;0,35;;;;;;
;;Basaltic andesite;;;53,96;2,11;16,32;10,19;0,19;4,09;7,87;4,05;0,81;0,41;;;;;;
;;Andesite;;;57,41;1,31;16,88;7,5;0,12;4,36;7,3;3,72;1,08;0,31;;;;;;
;;Basalt;;;52,93;2,03;15,63;10,94;0,17;4,65;8,71;3,79;0,77;0,37;;;;;;
;;Basalt;;;52,04;1,87;16,8;10,54;0,17;4,45;9,5;3,69;0,6;0,34;;;;;;
;;Basaltic andesite;;;56,07;1,96;15,93;9,65;0,19;3,53;7,18;4,15;0,84;0,5;;;;;;
;;Andesite;;;57,06;1,35;17,08;7,7;0,13;4,26;7,4;3,69;1,05;0,27;;;;;;
;;Andesite;;;59,73;1,6;15,78;8,2;0,19;2,53;5,79;4,47;1,31;0,41;;;;;;
;;Andesite;;;59,75;1,13;17,01;6,09;0,11;3,7;6,88;3,43;1,64;0,26;;;;;;
;;Andesite;;;59,68;1,51;16,2;7,77;0,2;2,32;5,42;5,3;0,91;0,7;;;;;;
;;Basaltic andesite;;;55,38;2,17;15,49;10,69;0,18;3,52;7,36;3,77;1,04;0,4;;;;;;
;;Basaltic andesite;;;52,67;2,33;15,72;11,79;0,19;3,95;8,43;3,87;0,65;0,41;;;;;;
;;Basaltic andesite;;;52,72;1,84;16,19;10,7;0,22;4,63;9,01;3,73;0,64;0,32;;;;;;
;;Andesite;;;57,27;1,25;18,03;7,14;0,1;3,72;7,37;3,6;1,27;0,26;;;;;;
;;Andesite;;;57,27;1,24;18,68;6,51;0,09;2,98;7,83;3,88;1,26;0,27;;;;;;
;;Basaltic andesite;;;54,32;1,29;19,02;8,06;0,16;3,44;9,43;3,51;0,52;0,24;;;;;;
;;Andesite;;;58,94;1,22;16,74;7,07;0,1;3,7;6,66;3,68;1,59;0,31;;;;;;
;;Dacite;;;63,67;1,19;16,23;5,43;0,1;1,67;4,34;4,59;2,37;0,39;;;;;;
;;Andesite;;;57,36;1,22;17,84;7,18;0,12;3,14;6,7;3,81;1,43;1,22;;;;;;
;;Basaltic andesite;;;56,7;1,38;16,83;8,05;0,17;4,35;7,89;3,53;0,68;0,42;;;;;;
;;Andesite;;;57,98;1,29;17,32;7,57;0,13;3,48;6,67;3,8;1,4;0,35;;;;;;
;;Dacite breccia;;;69,42;0,65;14,91;3,92;0,07;1,23;3,49;3,61;2,52;0,17;;;;;;
;;Andesite;;;58,03;1,1;17,65;6,93;0,15;3,89;7,09;3,59;1,28;0,3;;;;;;
;;Andesite;;;57,58;1,17;16,82;7,26;0,14;4,37;7,57;3,48;1,32;0,28;;;;;;
;;Andesite;;;59,1;1,2;16,91;7,21;0,17;3,2;6,38;3,84;1,66;0,33;;;;;;
;;Andesite;;;57,5;1,24;18,11;7,2;0,13;3,67;7,01;3,58;1,24;0,32;;;;;;
;;Andesite;;;59,38;1,2;16,1;7,16;0,11;3,91;6,6;3,81;1,36;0,36;;;;;;
;;Andesite;;;61,38;1,07;16,47;5,94;0,1;3,3;6;3,52;1,96;0,25;;;;;;
;;Andesite;;;58,45;1,17;17,51;6,76;0,14;3,71;6,92;4,03;1,03;0,27;;;;;;
;;Andesite;;;57,97;1,14;16,03;7,09;0,13;5,07;7,4;3,35;1,52;0,29;;;;;;
;;Basaltic andesite;;;54,08;1,96;15,83;10,64;0,21;4,14;8,09;3,89;0,79;0,37;;;;;;
;;Dacite;;;63,23;1,13;16,32;5,96;0,18;1,71;4,43;5,28;1,27;0,48;;;;;;
;;Andesite;;;57,46;2,13;16,8;8,28;0,17;2,75;6,39;4,67;0,96;0,39;;;;;;
;;Basaltic andesite;;;52,71;2,01;15,98;11,08;0,18;4,37;8,78;3,78;0,66;0,45;;;;;;
;;Basalt;;;52,46;2,6;15,34;11,5;0,21;4,05;8,44;4,1;0,55;0,76;;;;;;
;;Basaltic andesite;;;52,87;1,82;17,52;9,77;0,15;4,04;9,05;3,68;0,77;0,33;;;;;;
;;Andesite;;;61,8;1,07;16,48;5,88;0,09;2,88;5,91;3,77;1,85;0,26;;;;;;
;;Andesite;;;57,83;1,11;16,2;6,98;0,12;5,11;7,77;3,23;1,39;0,26;;;;;;
;;Andesite;;;60,58;1,19;16,14;6,83;0,13;3,35;5,73;4,1;1,59;0,36;;;;;;
;;Basaltic andesite;;;55,78;1,34;18,02;7,82;0,13;4,04;7,9;3,64;1,03;0,3;;;;;;
;;Andesite;;;57,78;1,14;17,22;7,21;0,2;4,46;7,39;3,28;1,05;0,28;;;;;;
;;Andesite;;;57,1;1,05;15,87;7,45;0,16;5,7;8,01;3,09;1,27;0,29;;;;;;
;;Basalt;;;48,99;1,62;15,44;9,94;0,16;9,31;10,54;2,74;0,86;0,4;;;;;;
;;Basaltic andesite;;;56,11;1,23;17,76;7,72;0,14;4,45;7,61;3,67;1;0,31;;;;;;
;;Andesite;;;59,06;1,85;15,83;8,16;0,2;2,44;5,55;4,91;1,45;0,54;;;;;;
;;Basaltic andesite;;;53,41;1,55;16,91;10,17;0,16;4,95;8,56;2,99;0,72;0,59;;;;;;
;;Basaltic andesite;;;52,04;1,35;16,97;9,86;0,19;5,79;9,52;3;0,85;0,43;;;;;;
;;Basalt dike;;;51,89;1,33;17,64;9,55;0,14;5,72;10,15;2,83;0,56;0,19;;;;;;
;;Basalt dike;;;51,85;1,35;21,21;7,79;0,12;3,24;10,65;3,07;0,56;0,16;;;;;;
;;Andesite;;;61,86;1,1;16,81;6,07;0,12;2,89;6,34;3,89;0,65;0,26;;;;;;
;;Andesite;;;59,59;1,06;16,31;6,62;0,1;4,32;6,69;3,57;1,51;0,24;;;;;;
;;Andesite breccia;;;62,37;0,91;16,41;5,82;0,12;3,43;5,61;3,43;1,68;0,23;;;;;;
;;Andesite breccia;;;60,14;1,04;17,41;6,17;0,08;3,35;10,59;0,77;0,22;0,23;;;;;;
;;Basaltic andesite;;;57,65;1,23;16,36;7,58;0,16;4,27;7,78;3,46;1,21;0,31;;;;;;
;;Dacite breccia;;;64,41;0,98;16,2;4,5;0,18;1,24;6,62;4,82;0,75;0,29;;;;;;
;;Basaltic andesite;;;56,91;1,17;17,87;7,37;0,17;3,87;7,72;3,49;1,13;0,29;;;;;;
;;Andesite;;;59,34;1,05;16,27;6,67;0,11;4,59;6,94;3,28;1,5;0,24;;;;;;
;;Dacite breccia;;;64,2;0,88;16,56;4,62;0,09;1,29;4,71;4,9;2,5;0,25;;;;;;
;;Andesite;;;59,04;1,09;17;6,79;0,12;3,78;6,75;3,76;1,39;0,29;;;;;;
;;Gabbro/diorite;;;55,3;1,29;18,02;7,86;0,15;4,44;8,19;3,6;0,9;0,24;;;;;;
;;Basaltic andesite;;;56,21;1,66;17,51;8,6;0,15;3,33;7,36;3,9;1;0,27;;;;;;
;;Basalt;;;51,11;1,09;17,88;9,49;0,15;7,26;10,01;2,42;0,42;0,16;;;;;;
;;Gabbro;;;51,43;0,96;18,11;8,23;0,11;7,79;10,41;2,51;0,31;0,14;;;;;;
;;Basaltic andesite;;;52,57;1,16;18,33;8,57;0,13;5,16;10,96;2,74;0,18;0,21;;;;;;
;;Basalt;;;52,19;0,99;16,25;9,15;0,17;7,71;11,04;2,19;0,16;0,17;;;;;;
;;Gabbro;;;51,44;1,23;18,34;9,35;0,16;5,94;9,94;2,97;0,43;0,18;;;;;;
;;Basalt;;;51,86;1,24;18,56;9,93;0,15;4,74;9,49;3,51;0,25;0,28;;;;;;
;;Basalt;;;51,23;1,43;18,8;9,89;0,15;4,66;10,57;2,74;0,34;0,18;;;;;;
;;Basaltic andesite;;;52,27;0,8;16,81;8,24;0,12;7,42;11,86;2,12;0,21;0,14;;;;;;
;;Basalt;;;51,86;1,02;17,46;8,7;0,18;6,84;10,62;2,76;0,41;0,16;;;;;;
;;Basalt;;;52,04;1,4;17,65;9,38;0,16;6,11;9,65;2,93;0,45;0,22;;;;;;
;;Basaltic andesite;;;53,35;1,62;16,7;9,69;0,18;4,98;9,65;2,78;0,66;0,4;;;;;;
;;Basaltic andesite;;;52,79;1,54;17,5;9,28;0,13;4,12;9,88;3,4;0,86;0,49;;;;;;
;;Basaltic andesite;;;53,06;1,31;18,51;8,12;0,14;4,26;10,45;3,28;0,77;0,1;;;;;;
;;Basaltic andesite;;;54,14;1,66;17,63;8,8;0,14;3,89;9,17;3,37;0,9;0,29;;;;;;
